{
  "best_model": "Logistic Regression",
  "models_compared": [
    "Logistic Regression",
    "Random Forest",
    "XGBoost"
  ],
  "performance": {
    "Logistic Regression": {
      "f1": 0.881770145310436,
      "roc_auc": 0.886004502000034,
      "precision": 0.8538535337384074,
      "recall": 0.9115739160122909,
      "accuracy": 0.8090666666666667
    },
    "Random Forest": {
      "f1": 0.8733654507914659,
      "roc_auc": 0.8883690292671587,
      "precision": 0.8803329864724245,
      "recall": 0.8665073403892113,
      "accuracy": 0.8037333333333333
    },
    "XGBoost": {
      "f1": 0.8645512239347235,
      "roc_auc": 0.8787753528597432,
      "precision": 0.9218870843000774,
      "recall": 0.8139296688289519,
      "accuracy": 0.8008
    }
  },
  "has_trend_ranking": {
    "Logistic Regression": 3,
    "Random Forest": 12,
    "XGBoost": 4
  },
  "selection_date": "2026-03-03",
  "validation_set_size": 3750
}